{"cameraMode":{"drawMode":0,"name":"Shaded","section":"Shading Mode"},"sceneLighting":true,"audioPlay":false,"sceneViewState":{"m_AlwaysRefresh":false,"showFog":true,"showSkybox":true,"showFlares":true,"showImageEffects":true,"showParticleSystems":true,"showVisualEffectGraphs":true,"m_FxEnabled":true},"in2DMode":false,"pivot":{"x":274.5287780761719,"y":100.98248291015625,"z":-255.31869506835938},"rotation":{"x":-0.33340731263160708,"y":0.08668331056833267,"z":-0.030704021453857423,"w":-0.9383313655853272},"size":141.56007385253907,"orthographic":false}